<beans xmlns="http://www.springframework.org/schema/beans"
	xmlns:xsi="http://www.w3.org/2001/XMLSchema-instance" xmlns:context="http://www.springframework.org/schema/context"
	xsi:schemaLocation="http://www.springframework.org/schema/beans
     http://www.springframework.org/schema/beans/spring-beans-4.0.xsd
     http://www.springframework.org/schema/context
     http://www.springframework.org/schema/context/spring-context-4.0.xsd">

  <bean id="sbu" class="com.cg.springlab.dto.SBU">
   <property name="sbuCode" value="PES-BU"></property>
   <property name="sbuHead" value="Kiran Rao"></property>
   <property name="sbuName" value="Product Engineering Services"></property>
   <property name="emp">
   <list>
   <ref bean="one"/>
   <ref bean="two"/>
   </list>
   </property>
   </bean>
   
  <bean id="one" class="com.cg.springlab.dto.Employee">
  <property name="age" value="30"></property>
  <property name="empId" value="12345"></property>
  <property name="empName" value="Harriet"></property>
  <property name="empsal" value="40000.0"></property>
  </bean>
  
  <bean id="two" class="com.cg.springlab.dto.Employee">
  <property name="age" value="35"></property>
  <property name="empId" value="10045"></property>
  <property name="empName" value="Hari"></property>
  <property name="empsal" value="45000.0"></property>
  </bean>
  </beans>